	DNS Source	Occurrences
0	www.bandol-blog.com	83560
1	www.portcrosparcnational.fr	60441
2	www.aqualike.com	45580
3	www.portcros-parcnational.fr	10592
4	www.ramatuelle-tourisme.com	8328
5	www.cevennes-parcnational.fr	8276
6	www.vanoise-parcnational.fr	5100
7	www.calanques-parcnational.fr	4140
8	www.pyrenees-parcnational.fr	3924
9	prod-pnp.parcnational.fr	3544
10	prod-pnc.parcnational.fr	3104
11	www.parcsnationaux.fr	2762
12	www.mercantour-parcnational.fr	2695
13	prod-pnpc.parcnational.fr	2472
14	www.parc-amazonien-guyane.fr	2396
15	prod-pncal.parcnational.fr	2184
16	www.cpshyeres.com	1987
17	www.reunion-parcnational.fr	1888
18	documentation.ensg.eu	1789
19	prod-pnf.parcsnationaux.fr	1726
20	prod-pnv.parcnational.fr	1628
21	prod-pnrun.parcnational.fr	1616
22	www.guadeloupe-parcnational.fr	1600
23	parc-amazonien-guyane.fr	1540
24	prod-pag.parcnational.fr	1444
25	prod-png.parcnational.fr	1388
26	www.forets-champagne-bourgogne.fr	1136
27	www.acroporis.org	852
28	www.lacroixvalmer.fr	706
29	www.sudrandos.com	520
30	www6.sophia.inra.fr	433
31	fort-eminence-port-cros.blogspot.com	380
32	www.scoop.it	358
33	www.presseagence.fr	348
34	www.celebrateislands.org	324
35	www.fol83laligue.org	316
36	accostage-location.com	288
37	interreg-maritime.eu	284
38	newforez.cistes.net	276
39	www.laligue83.org	276
40	www.sentiers-en-france.eu	232
41	fol83laligue.org	228
42	www.easytripit.com	216
43	laligue83.org	184
44	www.aquarenova.fr	164
45	portcrosparcnational.fr	144
46	www.promobil.de	140
47	www.restaurant-trinquette-port-cros.fr	136
48	paca.lpo.fr	133
49	dictionnaire.sensagent.leparisien.fr	130
50	3capsnatura2000.canalblog.com	128
51	hellonautic.com	120
52	www.espacedatapresse.com	117
53	michelrenard.canalblog.com	112
54	forum.spearboy.com	105
55	iopr.pol.fr	103
56	reves83.fr	92
57	garance-voyageuse.org	92
58	www.portshyeres.fr	85
59	heavenandhell.fr	84
60	www.bormesplongee.fr	84
61	www.randomania.fr	83
62	wikimonde.com	82
63	www.visitvar.fr	81
64	www.360cities.net	80
65	fr.wikipedia.org	76
66	blog.toprural.fr	72
67	www.hyeres-tourism.co.uk	71
68	www.hyeres-tourisme.com	69
69	bloggophil.blogspot.com	68
70	www.accostage-location.fr	64
71	fr.m.wikipedia.org	64
72	www.location-hyeres-bateaux.fr	64
73	www.location-semi-rigide-hyeres.com	64
74	www.location-hyeres-bateaux.com	64
75	location-semi-rigide-hyeres.fr	64
76	accostage-location.fr	64
77	www.location-semi-rigide-hyeres.fr	64
78	location-semi-rigide-hyeres.com	64
79	location-hyeres-bateaux.fr	64
80	location-hyeres-bateaux.com	64
81	centre-documentation.cevennes-parcnational.net	60
82	www.cheminsdelabiodiversite.com	60
83	www.anpcen.fr	55
84	catalogue.parcnational.fr	52
85	www.smilo-program.org	52
86	medpan.org	50
87	voyage-de-renaissance.fr	48
88	www.thediveforum.com	48
89	www.ulysseplongee.fr	45
90	paca.chambres-agriculture.fr	44
91	ancienforum.gobages.com	44
92	www.impac3.org	44
93	doris.ffessm.fr	42
94	www.ancrage-ecologique-harmony.fr	40
95	www.frequence-sud.fr	40
96	www.portmaps.com	40
97	verticalhorizon.fr	40
98	www.verticalhorizon.fr	40
99	www.urgence-center.com	40
100	apps.univ-lr.fr	37
101	www.wikiwand.com	36
102	travel.sygic.com	36
103	notrebellefrance.com	36
104	stw.fr	35
105	www.imagesub.com	34
106	www.aquaparisplongee.fr	34
107	www.info83.fr	32
108	centraledesmarches.com	32
109	www.kitesurf.fr	32
110	www.port-cros.net	32
111	www.geotamtam-forum.net	32
112	m.conservatoire-du-littoral.fr	32
113	geotamtam-forum.net	32
114	www.notrebellefrance.com	32
115	www.snorkeling-report.com	32
116	www.lacroixvalmertourisme.com	31
117	www.klekoon.com	30
118	pl.wikipedia.org	30
119	www.goodvoiture.com	28
120	iml.univ-mrs.fr	28
121	cotemagazine.com	28
122	www.espritparcnational.com	28
123	blog.biologia-conservacio.org	28
124	www.provence-alpes-cote-d-azur.equipement.gouv.fr	28
125	documentation.reunion-parcnational.fr	28
126	www.rivagesdefrance.org	26
127	bastide-nans-les-pins.fr	24
128	pierrefeu.blogspot.com	24
129	lelavandou.eu	24
130	www.plumesdanges.com	24
131	nuitfrance.fr	24
132	www.plongeur.com	24
133	www.cruiserswiki.org	24
134	lavandou-plongee.com	24
135	www.tlv-tvm.com	24
136	www.plateformemedia.com	24
137	www.paca-communiques.com	24
138	cercle-k2.fr	24
139	www.tradicioun.org	24
140	www.airbnb.ru	24
141	www.larochere.marzolf.eu	24
142	www.cavalaire-environnement.com	24
143	vareconews.com	24
144	location-meyer.com	24
145	www.energiesdelamer.eu	24
146	vareconews.fr	24
147	www.lelavandou.eu	24
148	velo-porquerolles.fr	24
149	envlit.ifremer.fr	24
150	www.auracom.fr	24
151	www.lisode.com	24
152	www.cercle-k2.fr	24
153	www.thefullwiki.org	22
154	www.vedettesilesdor.fr	22
155	chaise.mwductwork.com	22
156	ip64.ip-178-33-138.eu	22
157	www.tv83.info	21
158	www.espacemer.fr	20
159	imagesub.com	20
160	listserv.gcfi.org	20
161	www.lille-communiques.com	20
162	www.portdebormes.com	20
163	www.casar.fr	20
164	www.paris-communiques.com	20
165	mercipourlekayak.fr	20
166	annu.artmygale.com	20
167	100lienshyeres.blogspot.com	20
168	www.nuitfrance.fr	20
169	vendredi.homelinux.net	20
170	documentation.reunion-parcnational.hostin.network	20
171	www.clubdeplongeedu5.org	20
172	www.lavalleedujabron.net	20
173	www.bordeaux-communiques.com	20
174	test.mercantour.eu	20
175	robots.http-header.com	20
176	www.lyon-communiques.com	20
177	www.documentation.reunion-parcnational.hostin.network	20
178	lavalleedujabron.net	20
179	table.mwductwork.com	19
180	tourismegastronomie.net	19
181	ascadplon.org	18
182	randovar.blogspot.com	18
183	travismamone.net	18
184	www.revolvy.com	18
185	territorialcooperation.eu	18
186	cloudflare-ipfs.com	18
187	188.165.79.51	18
188	www.conservatoire-du-littoral.fr	17
189	placard.mwductwork.com	17
190	www.actucity.com	17
191	gite-de-plongee-du-gapeau.com	17
192	hyeres.fr	16
193	www.marcopolo.de	16
194	www.campinglesmouettes.com	16
195	ville-hyeres.fr	16
196	www.keep.eu	16
197	pommiers.com	16
198	www.ouveze.net	16
199	baronnies.net	16
200	ville-laroquedantheron.fr	16
201	www.ville-hyeres.fr	16
202	www.inalto.org	16
203	campinglesmouettes.com	16
204	www.mondini-imo.com	16
205	www.worldguides.net	16
206	paris-automedon-services.com	16
207	www.parks.it	16
208	ennuye.net	16
209	www.bastide-nans-les-pins.fr	16
210	guide.travel.ru	16
211	www.side.developpement-durable.gouv.fr	16
212	www.hyeres.fr	16
213	marie-feydeau.blogspot.com	16
214	www.provence.aparcourir.com	16
215	toulourenc.net	16
216	www.cc-golfedesainttropez.fr	16
217	www.wikirando.fr	16
218	hotel-vendome-aix-en-provence.com	16
219	rx-78.blogspot.com	16
220	www.reves83.fr	16
221	espacemer.fr	16
222	www.vacances-altitude-zero.com	16
223	www.lespetitsdebrouillardspaca.org	16
224	www.meouge.net	16
225	terradea.fr	16
226	www.ssmmed.org	16
227	www.pommiers.com	16
228	www.ecolaudroit.fr	16
229	www.ciclism.ro	16
230	oceans.taraexpeditions.org	16
231	www.toulourenc.net	16
232	www.lavalleeduceans.net	16
233	alaineliane.blogspot.com	16
234	www.safirflash.com	16
235	www.yaquoi.com	16
236	www.brigitte-del-perugia.fr	16
237	www.gavaresse.fr	16
238	www.baronnies.net	16
239	www.mpmtourisme.com	15
240	keep.eu	14
241	www.onoze.be	14
242	wiki2.org	14
243	everything.explained.today	14
244	artefacts.mom.fr	14
245	www.gite-de-plongee-du-gapeau.com	14
246	www.metropoletpm.fr	14
247	www.lenaturaliste.net	14
248	en.portcros-parcnational.fr	14
249	www.chasse-sous-marine.com	14
250	porquerolles-patrimoine.fr	14
251	www.porquerolles-patrimoine.fr	14
252	greffer.net	14
253	metropoletpm.fr	14
254	pole-lagunes.org	13
255	carnet-peche.espaces-naturels.fr	13
256	neon.fr	12
257	courantdartfrais.org	12
258	imap.evolution-mensch.de	12
259	www.abbaye-silvacane.com	12
260	www.aires-marines.org	12
261	www.viabooks.fr	12
262	smtp.chemie-schule.de	12
263	www.comunic.it	12
264	www.louer-a-giens.com	12
265	nodexlgraphgallery.org	12
266	sabiod.univ-tln.fr	12
267	www.ouix.com	12
268	www.hotel-vendome-aix-en-provence.com	12
269	www.arbre-a-miel.com	12
270	naturista.cz	12
271	mpatlas.org	12
272	meouge.net	12
273	www.aires-marines.net	12
274	www.ville-laroquedantheron.fr	12
275	yrisbetta-themagicbeyondhistole.blogspot.com	12
276	fr.wikivoyage.org	12
277	www.lonelyplanet.com	12
278	www.generations-services-marseille.com	12
279	christianjequel.com	12
280	journaldunfilm.blogspot.com	12
281	www.cavalaire-location.com	12
282	www.parcsnationaux.org	12
283	mpa.ospar.org	12
284	www.businessman.fr	12
285	tl2bplus.blogspot.com	12
286	www.aires-marines.fr	12
287	energiesdelamer.eu	12
288	www.eau-magazine.fr	12
289	www.mpatlas.org	12
290	provence.aparcourir.com	12
291	smtp.biologie-seite.de	12
292	mail.chemie-schule.de	12
293	lavalleeduceans.net	12
294	www.vareconews.fr	12
295	prince-armand.dobeuliou.com	12
296	neoncam.fr	12
297	espaciosnaturalesdelplaneta.blogspot.com	12
298	location-cabasson.fr	12
299	www.biologie-seite.de	12
300	smtp.evolution-mensch.de	12
301	larochere.marzolf.eu	12
302	www.cybelle-planete.org	12
303	www.oocities.org	12
304	da.wikipedia.org	12
305	www.smartrezo.com	12
306	www.inedit-com.fr	12
307	resilienza.eu	12
308	www.skitour.fr	12
309	www.provencalhotel.com	12
310	cafe-des-tilleuls.com	12
311	www.amp.afbiodiversite.fr	12
312	perso.math.u-pem.fr	12
313	www.gemlemerou.org	12
314	www.buzzfeed.com	12
315	www.ville-lepuysaintereparade.fr	12
316	oustaouduluberon.com	12
317	ja.wikipedia.org	12
318	mail.biologie-seite.de	12
319	www.enezgreen.com	12
320	www.observatoire-marin.com	12
321	bovile.com	12
322	www.lapalmeraieducanet.com	12
323	www.oustaouduluberon.com	12
324	www.aqualikestore.com	12
325	inpn.mnhn.fr	12
326	passion-classique.com	12
327	imap.biologie-seite.de	12
328	www.varmatin.com	12
329	www.neoncinema.com	12
330	www.neoncam.fr	12
331	www.lonelyplanet.fr	12
332	wwf.panda.org	12
333	acromer.blogspot.com	12
334	sulliver.com	12
335	www.bovile.com	12
336	www.bombaygrillmarseille.com	12
337	ledepartementduvar.blogspot.com	12
338	be.france.fr	12
339	ezpublish.aires-marines.fr	12
340	arbre-a-miel.com	12
341	imap.chemie-schule.de	12
342	gite-drome-provence.com	12
343	www.ennuye.net	12
344	www.panache.eu.com	12
345	herwigdaemon.blogspot.com	12
346	webco.faocopemed.org	12
347	gemlemerou.org	12
348	www.lavilleheureuse.fr	12
349	www.inter.rs	12
350	www.monacomatin.mc	12
351	www.aljepa.fr	12
352	vacancesprovenceluberon.com	12
353	www.parc-loisir.com	12
354	www.tl2b.com	12
355	erasmino.blogspot.com	12
356	www.tripadvisor.it	12
357	laclefdesmots.fr	12
358	gitesluberonprovence.com	12
359	productionphotomarseille.com	12
360	biologie-seite.de	12
361	www.auto-classic.fr	12
362	www.hisse-et-oh.com	12
363	provence-location-labaume.com	12
364	www.leslodges.fr	12
365	www.arevpam.org	12
366	ouveze.net	12
367	www.gite-drome-provence.com	12
368	www.tentons-layourte.fr	12
369	godot.dobeuliou.com	12
370	forums.futura-sciences.com	12
371	www.cotemagazine.com	12
372	www.gites-refuges.com	12
373	www.porquerollesmarineservices.com	12
374	wine.invater.com	12
375	auto-classic.fr	12
376	1peluchinga.com	12
377	www.var.gouv.fr	12
378	www.azuralive.com	12
379	www.webjardiner.com	12
380	mapage.noos.fr	11
381	www.guichetdusavoir.org	11
382	www.gis3m.org	11
383	guichetdusavoir.org	10
384	www.auberge-glycines.com	10
385	www.greffer.net	10
386	wikivividly.com	10
387	www.catataoume.fr	10
388	nouveausite2018.lesurplage.com	10
389	plus.google.com	10
390	encyklopedia.naukowy.pl	10
391	www.boamp.fr	10
392	tailliez.net	10
393	www.lesurplage.com	10
394	catataoume.fr	10
395	pl.m.wikipedia.org	10
396	krakenplongee.fr	10
397	www.nouveausite2018.lesurplage.com	10
398	www.fcsmpassion.com	10
399	www.nub8.com	10
400	www.territorialcooperation.eu	10
401	www.leprintempsabormes.com	10
402	www.tourismprovencemediterranee.co.uk	9
403	www.ordiecole.com	9
404	crbpoinfo.blogspot.com	9
405	www.emd-net.com	9
406	ordiecole.com	9
407	www.horizon-nomade.com	9
408	it.portcros-parcnational.fr	9
409	www.tourismeprovencemediterranee.com	9
410	lenaturaliste.net	9
411	www.forum-mdp.com	9
412	dev.horizon-nomade.com	9
413	generations-services-marseille.com	8
414	www.villaviala.com	8
415	vv-travel.ru	8
416	www.environnement-et-partage.fr	8
417	explore.rero.ch	8
418	cietm.fr	8
419	www.cotedazurvillarentals.com	8
420	recette.eziweb.virtualys.com	8
421	www.provence-location-labaume.com	8
422	www.vers-les-iles.fr	8
423	www.fne-asso.org	8
424	www.mpfrance.fr	8
425	parcmarincotebleue.fr	8
426	blog.association-bernica.net	8
427	www.top-verdon.fr	8
428	hotel-la-pergola.fr	8
429	upaca.com	8
430	iych.fr	8
431	federation-francaise-neuro-training.fr	8
432	porquerolles-france.com	8
433	provence-mediterranee.com	8
434	www.lavandou-location.com	8
435	www.espace-evasion.fr	8
436	www.philetdom.com	8
437	top-verdon.fr	8
438	expe2m.org	8
439	dorsogna.blogspot.com	8
440	offres-stage.com	8
441	micelij.net	8
442	www.charloc.fr	8
443	beta.dune-lalonde.com	8
444	fildecume83.fr	8
445	www.vecteurplus.com	8
446	www.mondoramas.com	8
447	sulliver.fr	8
448	ville-lepuysaintereparade.fr	8
449	www.recitsdevie.fr	8
450	www.mer-evasion.com	8
451	guidespratiques.fr	8
452	webmaster.impac3.org	8
453	www.franceinter.fr	8
454	porquerolles.si2v.com	8
455	www.ramoge.org	8
456	aljepa.fr	8
457	viviendoapesardelacrisis.blogspot.com	8
458	ramoge.org	8
459	dogandlifestyle.com	8
460	www.airbnb.it	8
461	photoslaurentdumas.blogspot.com	8
462	lakeridgeutah.org	8
463	www.marvellous-provence.com	8
464	www.site-france.com	8
465	lapalmeraieducanet.com	8
466	recitsdevie.fr	8
467	admi.net	8
468	www.viafrance.com	8
469	forum.degupedia.de	8
470	www.leyoukali.fr	8
471	helixfelix.blogspot.com	8
472	www.camping-marius.com	8
473	rentboat.fr	8
474	www.projet-serpents.fr	8
475	kseniakemler.canalblog.com	8
476	de.abricot-cannelle.com	8
477	www.chambresdhotes-var.info	8
478	obi1-portcros-parcnational.fr	8
479	www.weloveprovence.fr	8
480	www.submarmandais.net	8
481	www.masdelalance.com	8
482	sudpanorama.fr	8
483	www.service-civique.gouv.fr	8
484	fondation-plainedesmaures-environnement.fr	8
485	www.580114.com	8
486	eliasud.org	8
487	45nord-consulting.fr	8
488	www.vacamax.fr	8
489	jeucosmique.blogspot.com	8
490	www.coe.int	8
491	www.lebaillidesuffren.com	8
492	routedusud.com	8
493	club-alpes-pyrenees.fr	8
494	www.bamboulane.com	8
495	abbaye-silvacane.com	8
496	forums.moneysavingexpert.com	8
497	en.wikivoyage.org	8
498	sites.google.com	8
499	jardinscosmopolites.blogspot.com	8
500	www.porquerolles.it	8
501	www.routedusud.com	8
502	www.plongee-loisir.com	8
503	www.parcmarincotebleue.fr	8
504	www.villa-antoine-lepradet.com	8
505	www.micelij.net	8
506	www.rfi.fr	8
507	www.localetv.fr	8
508	www.classicautoloc.com	8
509	www.studioassociatogaia.com	8
510	www.gitesluberonprovence.com	8
511	dmoztools.net	8
512	www.aires-marines.com	8
513	www.provence-mediterranee.com	8
514	dev.vibrationclandestine.com	8
515	www.fne.asso.fr	8
516	www.foretsanciennes.fr	8
517	www.terradea.fr	8
518	gardenstory.canalblog.com	8
519	it.france.fr	8
520	www.heretodaygonetohell.com	8
521	www.bastideavellanne.eu	8
522	guide-circuit-massif-des-maures-golfe-de-saint-tropez.locaguide-tourisme.com	8
523	www.airbnb.jp	8
524	www.airbnb.es	8
525	cuers-infos.com	8
526	search.ultranote.org	8
527	mondaujourdhui.blogspot.com	8
528	www.passion-classique.com	8
529	www.sentiersousmarin.fr	8
530	odp.org	8
531	zh.wikipedia.org	8
532	www.iych.fr	8
533	www.albertkokuw.nl	8
534	www.golfe-saint-tropez-information.com	8
535	www.lexpress.fr	8
536	www.cotedazurvillarentals.fr	8
537	www.absoluflassans.be	8
538	mail.cotedazurvillarentals.com	8
539	www.1001france.com.fr	8
540	cretesetsentiers.vefblog.net	8
541	www.porquerolles-france.com	8
542	www.agoravox.fr	8
543	www.worldofmarie.com	8
544	dune-lalonde.com	8
545	www.dobeuliou.com	8
546	guides.travel.sygic.com	8
547	www.erasmino.blogspot.com	8
548	philetdom.com	8
549	location-provence-giens.blogspot.com	8
550	www.institut-paul-ricard.org	8
551	www.formation-sophrologie-sophrologue-marseille-paca.fr	8
552	aten.superdoc.com	8
553	www.turismo.it	8
554	w.impac3.org	8
555	bombaygrillmarseille.com	8
556	enneemmee.blogspot.com	8
557	ecobnb.it	8
558	www.guidespratiques.fr	8
559	villa-antoine-lepradet.com	8
560	www.hotel-triotel.com	8
561	en.abricot-cannelle.com	8
562	www.montagne-vacances.com	8
563	maps.thefullwiki.org	8
564	degupedia.de	8
565	letrainvolant.blogspot.com	8
566	1001france.com.fr	8
567	www.neon.fr	8
568	www.galica.info	8
569	www.vv-travel.ru	8
570	www.meritemaritime-var.fr	8
571	data.bnf.fr	8
572	cotedazurvillarentals.fr	8
573	fne-asso.org	8
574	www.nehalinnia.be	8
575	camping-la-source-martigues.com	8
576	impac3.org	8
577	youtubelaurentdumas.blogspot.com	8
578	vers-les-iles.fr	8
579	www.salon-de-la-plongee.com	8
580	www.marseille-creation-internet.com	8
581	notices-utilisateur.com	8
582	veilletourisme.ca	8
583	forums.deeperblue.com	8
584	www.guide-de-survie.com	8
585	www.velosaporquerolles.com	8
586	www.gite-rural-hyeres.com	8
587	www.stemaxime.net	8
588	www.eliasud.org	8
589	cuverville.org	8
590	cotedazurvillarentals.com	8
591	www.lamarseillaise.fr	8
592	www.classemer.com	8
593	cc-golfedesainttropez.fr	8
594	www.gecem.org	8
595	coppolani.dobeuliou.com	8
596	www.sulliver.com	8
597	www.carnetcity.com	8
598	mapiem.univ-tln.fr	8
599	www.l-encre-de-mer.fr	8
600	stemaxime.net	8
601	yachting-club-calanques-cassis.com	8
602	www.laclefdesmots.fr	8
603	figaronautisme.meteoconsult.fr	8
604	zoomsurlafrance.com	8
605	www.kvalr.net	8
606	test.cotedazurvillarentals.com	8
607	www.super-voyage.fr	8
608	www.christianjequel.com	8
609	people.zeelandnet.nl	8
610	www.vacancesprovenceluberon.com	8
611	www.tribloo.com	8
612	masdelalance.com	8
613	dobeuliou.com	8
614	www.rtl.fr	8
615	www.courantdartfrais.org	8
616	www.futura-sciences.com	8
617	gisposidonie.osupytheas.fr	8
618	www.isol2000.fr	8
619	www.cafe-des-tilleuls.com	8
620	www.wikiwix.com	8
621	bamboulane.com	8
622	vertigolab.eu	8
623	medphares.eu	8
624	www.abricot-cannelle.com	8
625	www.ecolopop.info	8
626	www.aeroportducastellet.com	8
627	www.fildecume83.fr	8
628	www.capgaronne.com	8
629	www.longitude7.com	8
630	yaquoi.com	8
631	tentons-layourte.fr	8
632	formation-elia.org	8
633	www.agencelespalmiers.com	8
634	www.sudpanorama.fr	8
635	www.club-alpes-pyrenees.fr	8
636	galica.info	8
637	reves-sur-mer.ch	8
638	echappeesgourmandes.com	8
639	festival-galathea.com	8
640	ecobnb.com	8
641	www.boussole-fr.com	8
642	www.yachting-club-calanques-cassis.com	8
643	www.gitedupagoulin.fr	8
644	nehalinnia.be	8
645	www.airbnb.co.in	8
646	www.neree.org	8
647	securidoor.org	8
648	annoncesbio.blogspot.com	8
649	www.alcedo-conseil.com	8
650	aquabormes.fr	8
651	www.hotel-la-pergola.fr	8
652	france-ai.ru	8
653	www.yachter.fr	8
654	sinkandswim.net	8
655	bandol-littoral.org	7
656	www.folardeche.fr	7
657	www.sailingbandol.fr	7
658	cote-azur-ecobiz.fr	7
659	parc-marin-martinique.fr	6
660	planetemer.org	6
661	www.mandaley.fr	6
662	campingshyeres.com	6
663	www.linguateca.pt	6
664	archeonavale.org	6
665	www.triplisher.com	6
666	www.forum-aires-marines.fr	6
667	parc-marin-iroise.com	6
668	forum-aires-marines.fr	6
669	www2.aires-marines.fr	6
670	latitudepeche.com	6
671	www.alpha-pyxidis.com	6
672	alpha-pyxidis.com	6
673	www.transaction-immo.fr	6
674	www.lunedeniel.com	6
675	www.planetemer.org	6
676	dev.planetemer.org	6
677	wikiredia.ru	6
678	laltroparco.forumattivo.com	6
679	www.dead-people.com	6
680	ampacific09.aires-marines.fr	6
681	haltools.archives-ouvertes.fr	5
682	www.rrenpaca.org	5
683	www.polemermediterranee.com	5
684	conservatoiredufreinet.org	5
685	lannuaire.service-public.fr	5
686	www.conservatoiredufreinet.org	5
687	www.webwiki.fr	5
688	www.philippe.tailliez.net	5
689	ru.wikipedia.org	5
690	www.seo.org	5
691	mouillagescdrom.wifeo.com	5
692	www.passion-snorkeling.com	5
693	www.lecampingsauvage.fr	5
694	www.v-seo.es	5
695	www.eedd.developpement-durable.gouv.fr	5
696	www.forum-kayak.fr	5
697	www.citizenkid.com	5
698	wikiredia.ga	5
699	provence-alpes-cotedazur.com	5
700	pagure.canalblog.com	5
701	www.midilibre.fr	5
702	www.reseaucetaces.fr	5
703	www.expemag.com	5
704	en.wikipedia.org	5
705	mail.tailliez.net	5
706	fr-wiki.tk	5
707	ca.wikipedia.org	5
708	fr.vikidia.org	5
709	la.wikipedia.org	5
710	blog.locatour.com	5
711	www.biotope-editions.com	5
712	www.baroude.com	4
713	www.vibrationclandestine.com	4
714	jjoggingparis.com	4
715	www.sulliver.fr	4
716	photo-littoral.fr	4
717	petit-mas-vacances-provence.com	4
718	www.do-tours.com	4
719	scaf47.com	4
720	dev.fin.fr	4
721	www.lahistoriaconmapas.com	4
722	faunaventure.org	4
723	www5.helpes.eu	4
724	www.interalex.net	4
725	m.lamarseillaise.fr	4
726	www.ville-lagarde.fr	4
727	www.cityzer.eu	4
728	gitelink.com	4
729	marseille-creation-internet.com	4
730	rando.var.pagesperso-orange.fr	4
731	narcoses.com	4
732	ilmryn.jeun.fr	4
733	blog.mailasail.com	4
734	pdf-downloads.net	4
735	library.kiwix.org	4
736	citymagazine.si	4
737	www.naturellebalade.com	4
738	www.econostrum.info	4
739	pdf-notices.com	4
740	www.cichlidsforum.fr	4
741	www.inspirock.com	4
742	www.summitcairn.com	4
743	fp.reverso.net	4
744	medecotourism.org	4
745	test-www.amp.afbiodiversite.fr	4
746	ftp.cotemagazine.com	4
747	www.jesuisfrancais.blog	4
748	provence.frankrijkinfo.com	4
749	www.waternunc.com	4
750	www.croisieres-en-voilier.fr	4
751	lesbrouis.com	4
752	lesilesdhyeres.com	4
753	www.provenzafrancia.it	4
754	seodit.p3x.fr	4
755	mail.porquerolles.it	4
756	www.agenceduregard.net	4
757	www.floramelitensis.com	4
758	www.porquerolles.pro	4
759	corporama.com	4
760	ou-dormir-a-porquerolles.com	4
761	www.marisacreation.com	4
762	www.en.porquerolles.it	4
763	www.regard-du-vivant.fr	4
764	www.observatoire-eau-paca.org	4
765	www.yamana.ch	4
766	forum.doctissimo.fr	4
767	www.lac-du-bourget.fr	4
768	www.hotel-lemanoirportcros.com	4
769	portdebormes.com	4
770	www.petitfute.com	4
771	vandringsguiden.se	4
772	blog.okapi.fr	4
773	www.visite-virtuelle.net	4
774	initiative-pim.org	4
775	lafaye.com	4
776	www.formation-elia.org	4
777	en.metropoletpm.fr	4
778	www.vacances-vertes.net	4
779	www.carnetsderando.net	4
780	lesrandonneurssanaryens.e-monsite.com	4
781	magazine.laruchequiditoui.fr	4
782	histoire-geographie3-prof.hachette-education.com	4
783	riviera-press.fr	4
784	www.gratisnette.com	4
785	www.cuisinedelamer.com	4
786	www.lagenda.com	4
787	www.portsadvisor.com	4
788	www.slinqs.com	4
789	feelgood.ua	4
790	hostmaster.portmaps.eu	4
791	hfradar.univ-tln.fr	4
792	www.agenceduregard.eu	4
793	www.24hsante.com	4
794	tjsetreailleurs.blogspot.com	4
795	161.111.70.163	4
796	nostradamus-centuries.com	4
797	place-des-vacances.com	4
798	www.bombstat.com	4
799	atlantide1.com	4
800	www.eudip.com	4
801	mobilhome.igatamus.com	4
802	www.bespokeyachtcharter.com	4
803	bdressources.ac-nice.fr	4
804	www.provencecotedazur.nl	4
805	www.fbls.net	4
806	usa.senteursdorient.com	4
807	linneenne-bordeaux.wixsite.com	4
808	geomatique.georezo.net	4
809	www.cue.im.dendai.ac.jp	4
810	www.leroseaudurealmartin.fr	4
811	www.reverdailleurs.com	4
812	foodtruck.dobeuliou.com	4
813	moushette.blogspot.com	4
814	www.yakeo.com	4
815	chiffonsandco.fr	4
816	www.guidemediterranee.com	4
817	biodiv.mnhn.fr	4
818	dinamoh.com	4
819	es.m.wikipedia.org	4
820	www.dinamoh.com	4
821	mail.inalto.com	4
822	www.blue-ray-yachting.be	4
823	www.museumexperts.com	4
824	porquerolles.it	4
825	dispo-anc.fr	4
826	www.chambredhotes83.com	4
827	ittiofauna.org	4
828	www.biolit.fr	4
829	xlnation.city	4
830	www.lescommunes.com	4
831	htmnet.mio.osupytheas.fr	4
832	editions-du-jasmin.com	4
833	www.airbnb.nl	4
834	www.regions.randomania.fr	4
835	didier-reault.fr	4
836	varecobiz.com	4
837	www.frommers.com	4
838	travelersandfish.com	4
839	www.florisud.fr	4
840	www.airbnb.fr	4
841	forum.hardware.fr	4
842	www.maltawildplants.com	4
843	sub-trotters.com	4
844	www.lecabanonenprovence.com	4
845	trip-planner.barnacles.ie	4
846	c-kinou.eklablog.com	4
847	noria.ciriusnet.com	4
848	randonneespourpetitsetgrands.com	4
849	www.narcoses.com	4
850	guides-pratiques.net	4
851	hy.wikipedia.org	4
852	uneroutesinueuse.canalblog.com	4
853	www.hostellerie-provencale.com	4
854	inforade.fr	4
855	www.mon-cultivar-elevage.com	4
856	www.jardinantes.fr	4
857	www.airbnb.co.uk	4
858	www.cklom.fr	4
859	www.ivresses-des-profondeurs.net	4
860	maltawildflowers.com	4
861	forum.magicmaman.com	4
862	www.ot-lelavandou.fr	4
863	cpl.poulayon.pagesperso-orange.fr	4
864	www.laroutedusel.net	4
865	georezo.net	4
866	sentiersousmarin.fr	4
867	en.m.wikipedia.org	4
868	eskapad.info	4
869	agenceduregard.eu	4
870	sfnmedia.net	4
871	fr.airbnb.ca	4
872	agenceduregard.com	4
873	nausikaa.dk	4
874	guillaume-thibord.com	4
875	ww.ile-de-groix.info	4
876	www.api-movie.fr	4
877	www.gratisnette.cowww.gratisnette.com	4
878	www.itinera-magica.com	4
879	citronnelle.net	4
880	www.cfcopies.com	4
881	celebrateislands.org	4
882	fouchepate.blogspot.com	4
883	randobrezins.free.fr	4
884	www.sub-trotters.com	4
885	ouest-var.fr	4
886	fishki.net	4
887	wwz.ifremer.fr	4
888	naturebushcraft.e-monsite.com	4
889	www.terus.eu	4
890	www.mx2k.com	4
891	www.portailsig.org	4
892	hostmaster.portmaps.at	4
893	www.faunaventure.org	4
894	www.narcose.com	4
895	hotel.moderne.marseille.dobeuliou.com	4
896	fi.wikipedia.org	4
897	www.ittiofauna.org	4
898	mail.inalto.tv	4
899	www.loeildelaphotographe.com	4
900	observatoire-regional-risques-paca.fr	4
901	waternunc.com	4
902	plaisance-location-bateau-hyeres.com	4
903	www.misterxander.fr	4
904	www.summitpost.org	4
905	medcraveonline.com	4
906	www.camping-la-source-martigues.com	4
907	www.portmaps.de	4
908	www.viaggiatorinelmondo.com	4
909	mail.inalto.net	4
910	www.provence-netz.de	4
911	anikinainfak.blogspot.com	4
912	www.ffrandonnee.fr	4
913	inalto.info	4
914	ricerca.universita.corsica	4
915	marsactu.fr	4
916	rcf.fr	4
917	www.maltawildflowers.com	4
918	pulse-school.sciencesconf.org	4
919	legacy.frdic.com	4
920	www.residenceatlantis.fr	4
921	www.agenceduregard.com	4
922	www.lillyskogen.com	4
923	ouestvar.org	4
924	animals-planet.eu	4
925	fr.viadeo.com	4
926	www.justacote.com	4
927	az.sputniknews.ru	4
928	www.telestar.fr	4
929	blue-ray-yachting.be	4
930	es.france.fr	4
931	larevolutionneserapasmotorisee.jimdofree.com	4
932	www.var.cci.fr	4
933	agenceduregard.fr	4
934	www.greenjee.fr	4
935	come4news.com	4
936	www.airbnb.com.au	4
937	www.randozone.com	4
938	www.giglionews.it	4
939	fr.scoutwiki.org	4
940	www.berthelot-lecointe.com	4
941	lafautearousseau.hautetfort.com	4
942	www.ouest-var.net	4
943	klekoon.fr	4
944	www.fin.fr	4
945	www.rentboat.fr	4
946	www.onem-france.org	4
947	www.meereslinie.com	4
948	www.faune-paca.org	4
949	www.obi1-portcros-parcnational.fr	4
950	maisondusoleil.eu	4
951	terrainsel.jimdofree.com	4
952	www.medecotourism.org	4
953	sarclub.jimdo.com	4
954	isol2000.fr	4
955	cbnfc-ori.org	4
956	mobile.narcoses.com	4
957	ouest-var.biz	4
958	uk.wikipedia.org	4
959	www.ircantec.retraites.fr	4
960	www.medecotourism.com	4
961	www.femmeactuelle.fr	4
962	www.musher-experience.com	4
963	dominiqueciron.com	4
964	www.officeducommerce-hyeres.com	4
965	www.quintonic.fr	4
966	eu.wikipedia.org	4
967	www.cefe.cnrs.fr	4
968	www.place-des-vacances.com	4
969	organibox.net	4
970	www.floraconcept.com	4
971	www.nxtbook.fr	4
972	club-cso.fr	4
973	www.ciotat-plongee.com	4
974	www.cassonadeetcamembert.fr	4
975	www.lescaravaniers2.com	4
976	trip-planner.travelingninetofiver.com	4
977	www.revue-openfield.net	4
978	www.franceenvironnement.com	4
979	www.dune-world.com	4
980	sejours.texas-sidestep.com	4
981	worldofmarie.com	4
982	narcose.com	4
983	www.nostradamus-centuries.com	4
984	www.double-j.org	4
985	www.randonneespourpetitsetgrands.com	4
986	www.duikforum.nl	4
987	blog.holiday-scout.de	4
988	www.wikizero.com	4
989	trip-planner.indecisivetraveler.com	4
990	www.senteursdorient.com	4
991	www.yachtclubparma.it	4
992	www.magnard.fr	4
993	www.migrosmagazine.ch	4
994	www.gielenaroma.nl	4
995	www.votremarche.com	4
996	randonneravecsonchien.com	4
997	mail.sentiersousmarin.fr	4
998	ouest-var.org	4
999	marz-kreations.com	4
1000	www.sharemysea.fr	4
1001	derstandard.at	4
1002	misterxander.fr	4
1003	mapom.univ-tln.fr	4
1004	cafephilodedroite.blogspot.com	4
1005	www.avblixten.info	4
1006	arevpam.org	4
1007	www.airbnb.mx	4
1008	www.gdegem.org	4
1009	www.constantinealexander.net	4
1010	inedit-com.fr	4
1011	paulineptlp.wixsite.com	4
1012	www.tela-botanica.org	4
1013	voyageforum.com	4
1014	www.plongez.fr	4
1015	preprod.dune-marseille.com	4
1016	environnement-et-partage.fr	4
1017	139.124.2.140	4
1018	www.var-ecobiz.fr	4
1019	www.medphares.eu	4
1020	www.extrait.it	4
1021	foundation-plainedesmaures-environnement.com	4
1022	www.airbnb.de	4
1023	gite-rural-hyeres.com	4
1024	entreprisesboisdegrasse.com	4
1025	agents.cirad.fr	4
1026	liceodiocesano.ch	4
1027	www.independent.co.uk	4
1028	observador.pt	4
1029	www.isprambiente.gov.it	4
1030	fin.fr	4
1031	www.lakeridgeutah.org	4
1032	ilenfautpeupour.canalblog.com	4
1033	www.openbugbounty.org	4
1034	baladeenmer.blog4ever.com	4
1035	www.outdoorinfo.nl	4
1036	nl.france.fr	4
1037	en.polemermediterranee.com	4
1038	www.porquerolles-events.com	4
1039	maxkite34.blogspot.com	4
1040	www.inforade.fr	4
1041	trip-planner.traveltoathens.eu	4
1042	htmnet.mio.univ-amu.fr	4
1043	www.theguardian.com	4
1044	www.ecrins-parcnational.fr	4
1045	www.proxiti.info	4
1046	www.airbnb.cz	4
1047	centreinovar.com	4
1048	eo.wikipedia.org	4
1049	faune.silene.eu	4
1050	www.prweb.com	4
1051	ecobizsud.fr	4
1052	ahpam.fr	4
1053	www.wantseeproject.com	4
1054	pv-porquerolles.e-monsite.com	4
1055	regard-du-vivant.fr	4
1056	visite-virtuelle.net	4
1057	portdulavandou.com	4
1058	ouest-var.com	4
1059	www.onamuselesmomes.com	4
1060	pt.wikipedia.org	4
1061	www.longitude181.org	4
1062	www.gigaro.eu	4
1063	ivresses-des-profondeurs.net	4
1064	location-vacances-porquerolles.com	4
1065	www.nausikaa.dk	4
1066	malvaceae.info	4
1067	blogs.futura-sciences.com	4
1068	www.theinfolist.com	4
1069	www.anne-merry.com	4
1070	ns323086.ip-94-23-32.eu	4
1071	www.notretemps.com	4
1072	www.cuverville.org	4
1073	onetosea.fr	4
1074	www.admi.net	4
1075	www.scaf47.com	4
1076	classicautoloc.com	4
1077	chambredhotes83.com	4
1078	fr.kompass.com	4
1079	mail.porquerolles-france.com	4
1080	lonelyplanet.ediusi-ew.msp.fr.clara.net	4
1081	www.guidopicchetti.it	4
1082	www.lemasdelapalmeraie.com	4
1083	www.coursdiderot.com	4
1084	www.marz-kreations.com	4
1085	erdenet.fr	4
1086	www.my-sail.net	4
1087	provence-tourism.com	4
1088	www.tvlocale.fr	4
1089	www.gitelink.com	4
1090	oocities.org	4
1091	www.agenceduregard.fr	4
1092	news.bbc.co.uk	4
1093	eleau.org	4
1094	www.decidento.com	4
1095	www.taxis-hyeres.fr	4
1096	www.agencedirectionsud.com	4
1097	agencedirectionsud.com	4
1098	museumexperts.com	4
1099	www.goodplanet.info	4
1100	www.marredelapluie.fr	4
1101	www.culture.gouv.fr	4
1102	pmb.territoiredebelfort.fr	4
1103	www.triathlonoriginaldeporquerolles.fr	4
1104	forum.telecharger.01net.com	4
1105	www.seereisenmagazin.de	4
1106	forum.lescaravaniers2.com	4
1107	www.airbnb.co.nz	4
1108	www.asnmg.net	4
1109	www.residencehotel-lebeaulieu.com	4
1110	smart-city.smartrezo.com	4
1111	www.lamisoleil.com	4
1112	www.animals-planet.eu	4
1113	floramelitensis.com	4
1114	www.milkmagazine.net	4
1115	www.index.hr	4
1116	www.heavenandhell.fr	4
1117	lookformedical.com	4
1118	fbls.net	4
1119	maltawildplants.com	4
1120	www.mitsegeln-familie.de	4
1121	www.europarc.org	4
1122	www.plongeecpparis.fr	4
1123	www.eskapad.info	4
1124	medecotourism.com	4
1125	www.petit-mas-vacances-provence.com	4
1126	poseidon.be	4
1127	veille-eau.com	4
1128	www.actualites-news-environnement.com	4
1129	nimo.fr	4
1130	hostmaster.portmaps.de	4
1131	www.lesannuaires.com	4
1132	www.pluris.fr	4
1133	www.ou-dormir-a-porquerolles.com	4
1134	www.huffingtonpost.fr	4
1135	www.photo-littoral.fr	4
1136	www.airbnb.ie	4
1137	momarch.hypotheses.org	4
1138	www.frankreich-in-wort-und-bild.de	4
1139	www.toujoursetreailleurs.com	4
1140	www.evenos.fr	4
1141	m.skitour.fr	4
1142	www.guides-pratiques.net	4
1143	agenceduregard.net	4
1144	anne-merry.com	4
1145	www.degupedia.de	4
1146	www.risposteatutto.com	4
1147	www.hameaurollot-bareges.com	4
1148	roquebrune-sports.fr	4
1149	www.malvaceae.info	4
1150	www.oceans-croisieres.com	4
1151	kuchnia.ugotuj.to	4
1152	www.seemuller.fr	4
1153	www.theatre-liberte.fr	4
1154	www.dune-marseille.com	4
1155	www.elefant.linkpark.hu	4
1156	www.france-domain-directory.appspot.com	3
1157	hyeres-pac.eurobillets.com	3
1158	www.cntraveler.com	3
1159	www.lexilogos.com	3
1160	marilles.org	3
1161	websitedetection.com	3
1162	www.archeonavale.org	3
1163	www.bbc.com	3
1164	www.auph.fr	3
1165	www.ffessm-paca.fr	3
1166	www.rivagesethommes-paca.fr	3
1167	www.location-meublee-hyeres.com	3
1168	bear5pv.blogspot.com	3
1169	csamtlnplongee.vpdive.com	3
1170	www.apidae-tourisme.com	3
1171	treasure.1x1y.com.cn	3
1172	divingiens.fr	3
1173	www.gore-ljudje.net	3
1174	parc-mercantour.fr	3
1175	www.grimaud-provence.com	3
1176	www.lonelyplanet.de	3
1177	marilles-foundation.org	3
1178	ghostmed.mio.osupytheas.fr	3
1179	stoechades.hypotheses.org	3
1180	semaphore-morbraz.blogspot.com	3
1181	www.filovent.com	2
1182	www.nationsonline.org	2
1183	bateau-entretien.blogspot.com	2
1184	nemzetipark.lap.hu	2
1185	www.jazzaporquerolles.org	2
1186	origins-simulations.obspm.fr	2
1187	especes-exotiques-envahissantes.fr	2
1188	www.forest-in.eu	2
1189	farmalierganes.com	2
1190	www.isoledasogno.it	2
1191	www.listephoenix.com	2
1192	azur-hotel.org	2
1193	ns363127.ip-178-32-217.eu	2
1194	www.azur-hotel.org	2
1195	cotedazurfrance.fr	2
1196	www.porquerollesdiving.com	2
1197	travel.tochka.net	2
1198	plongeedulouppendu.com	2
1199	labh-curien.univ-st-etienne.fr	2
1200	voyages-fetiches.com	2
1201	www.portland-bateau.com	2
1202	jazzaporquerolles.org	2
1203	sea-ride.eu	2
1204	www.champs-blancs.fr	2
1205	www.balades-naturalistes.fr	2
1206	mio.pytheas.univ-amu.fr	2
1207	www.afar.com	2
1208	forest-in.eu	2
1209	fetedelanature.com	2
1210	www.evous.fr	2
1211	cpieazur.fr	2
1212	mundani-garden.blogspot.com	2
1213	207.148.103.175	2
1214	www.best-vacances.net	2
1215	www.berlol.net	2
1216	snorkeling-exploration.eklablog.com	2
1217	www.festivalplongee.net	2
1218	naturamediterraneo.com	2
1219	www.farmalierganes.com	2
1220	traveltriangle.com	2
1221	www.imbe.fr	2
1222	www.annuaire-mairie.fr	2
1223	www.afbiodiversite.fr	2
1224	www.cpieazur.fr	2
1225	perfectlyprovence.co	2
1226	jardi-mundani.blogspot.com	2
1227	blogs.stw.fr	2
1228	kussen.antonio-porchia.net	2
1229	wwz.cedre.fr	2
1230	www.narbona.org	2
1231	www.divazur.com	2
1232	www.livingoutofdoors.com	2
1233	lindien-location-velo.fr	2
1234	www.camping-olbia.com	2
1235	studia.universita.corsica	2
1236	v6.levy.it	2
1237	www.massacan.fr	2
1238	atlantique.biolit.fr	2
1239	rosavientos.es	2
1240	fr.mappy.com	2
1241	www.annuaire-tourisme-france.fr	2
1242	www.portcrosindipacha.com	2
1243	tousaupotager.fr	2
1244	jardin-mundani.blogspot.com	2
1245	narbona.org	2
1246	dev.stw.fr	2
1247	www.omicsonline.org	1
1248	www.mio.univ-amu.fr	1
1249	guide.ancv.com	1
1250	lapetiteboussole.com	1
1251	www.derstandard.at	1
1252	croisillon.org	1
1253	turizm-puteshestvuem.ru	1
1254	www.eco-plongee.com	1
1255	www.barquita.fr	1
1256	miniweb.metropoletpm.fr	1
1257	www.shadeswaves.com	1
1258	www.agirandco.coop	1
1259	theworldnews.net	1
1260	www.gcprovence.org	1
1261	www.ilturista.info	1
1262	notrehistoire.ch	1
1263	gestion.cenlr.org	1
1264	www.ciplavandou.com	1
1265	magazine.sportihome.com	1
1266	www.quartiersaucoeurdelametropole.com	1
1267	france3-regions.francetvinfo.fr	1
1268	www.veradoclubfrance.fr	1
1269	ofb.gouv.fr	1
1270	www.energies-territoire.com	1
1271	chequevacances-fr.mobi	1
1272	www.discount-marine.com	1
1273	www.randonner-malin.com	1
1274	www.ophrys.cat	1
1275	www.carqueiranne-environnement.com	1
1276	www.leparisien.fr	1
1277	www.planete-sciences.org	1
1278	actenergies83.blogspot.com	1
1279	www.vseocestovani.info	1
1280	naturel-espoir.e-monsite.com	1
1281	cyclotourisme-mag.com	1
1282	1aday2fc.com	1
1283	award.fondationcarmignac.com	1
1284	var.ffrandonnee.fr	1
1285	foro.latabernadelpuerto.com	1
1286	www.routes-touristiques.com	1
1287	theking3.serverhouse.com	1
1288	search.lycos.co.uk	1
1289	doctoriades.univ-tln.fr	1
1290	fb.me	1
1291	lychee.invater.com	1
1292	enhancedwiki.territorioscuola.it	1
1293	www.lawlessfrench.com	1
1294	www.tripori.com	1
1295	8.icrq.taxi-fouesnant-abalan.fr	1
1296	www.tiloulocation.com	1
1297	www.bandofboats.com	1
1298	www.artsixmic.fr	1
1299	port-oursinieres.com	1
1300	www.bandolais.fr	1
1301	youmatter.world	1
1302	tataka.canalblog.com	1
1303	esterel.n2000.fr	1
1304	park.lap.hu	1
1305	www3.cefe.cnrs.fr	1
1306	fdmf.fr	1
1307	www.ea-ecoentreprises.com	1
1308	www.mmmpa.eu	1
1309	histoirememoireculture.blogspot.com	1
1310	www.bee-in.fr	1
1311	www.maecene-arts.com	1
1312	onedayonetravel.com	1
1313	www.tomodori.com	1
1314	8.unmp.dietparis.fr	1
1315	jcpenneyprintablecouponsnow.com	1
1316	www.nauticareport.it	1
1317	les-randos-du-grand.eklablog.com	1
1318	www.bonjourdefrance.com	1
1319	www.campingportpothuau.com	1
1320	www.hotel-les-bouis.com	1
1321	www.vaima.eu	1
1322	www.luminessens.org	1
1323	www.umoov.org	1
1324	mersetbateaux.com	1
1325	matelas.mwductwork.com	1
1326	www.sigles.net	1
1327	www.lescrayons.com	1
1328	fr.wiktionary.org	1
1329	www.silene.eu	1
1330	theartisans.fr	1
1331	tortue-marine-corse.blogspot.com	1
1332	section-sportive-natation-paulvalery.blogspot.com	1
1333	www.ofb.gouv.fr	1
1334	www.mistralplaisancelocation.com	1
1335	centuria-rit.com	1
1336	www.open-sciences-participatives.org	1
1337	lescrayons.com	1
1338	4sardines.canalblog.com	1
1339	kiwix.jackbot.fr	1
1340	www.manimalworld.net	1
1341	uk.france.fr	1
1342	filovent.com	1
1343	expleaurando.com	1
1344	applyzones.com	1
1345	www.esadtpm.fr	1
1346	www.yacht.de	1
1347	ophrys.cat	1
1348	terrainsel.jimdo.com	1
1349	croixdusud5.com	1
1350	answers.yahoo.com	1
1351	www.provenceweb.fr	1
1352	paca.ecogestes-mediterranee.fr	1
1353	jaime-les-musees-et-les-vieilles-pierres.blog4ever.com	1
1354	www.turistaimperfeito.com	1
1355	www.igesa.fr	1
1356	www.fondationcarmignac.com	1
1357	irhis-recherche.univ-lille3.fr	1
1358	berlol.net	1
1359	www.chateaupascalette.com	1
1360	www.provenceweb.com	1
1361	www.aunomduvivant.fr	1
1362	www.orientation-environnement.fr	1
1363	aunomduvivant.fr	1
1364	grainedevagabonds.com	1
1365	www.enfant-en-voyage.com	1
1366	www.life-marha.fr	1
1367	lestetards83.vpdive.com	1
1368	www.intotheboat.fr	1
1369	5.pgfq.yogadomicile.fr	1
1370	www.encre-nocturne.com	1
1371	abuelacata.com	1
1372	www.asso-apecs.org	1
1373	www.proteinaute.com	1
1374	perso.numericable.fr	1
1375	www.derstandard.de	1
1376	www.actifsradio.fr	1
